E-mail
atendimento@idaam.edu.br; secretaria@idaam.edu.br;diretor@idaam.edu.br
direito.ccjsa@ufac.br; reitoria@ufac.br; vicereitoria@ufac.br


UCANAL@UVERSE.COM.VC; administracao@uverse.com.vc; gep@uverse.com.vc; proac@uverse.com.vc
UCANAL@UVERSE.COM.VC; direito@uverse.com.vc; proac@uverse.com.vc
cgunimeta@gmail.com
cgunimeta@gmail.com
contato@auclidesdacunha.edu.br
crb.cosadm@ifac.edu.br; proad@ifac.edu.br
emec@sereducacional.com
emec@sereducacional.com
ddi@kroton.com.br
direcao@feac.ufal.br; secretaria@feac.ufal.br; coordenacao.ceco@feac.ufal.br; coordenacao.adm@feac.ufal.br; profiap@feac.ufal.br; ppge@feac.ufal.br
rodrigo.coelho@arapiraca.ufal.br; fabiana.silva@arapiraca.ufal. br
gr@reitoria.ufal.br; elaine.pimentel@fda.ufal.br; direcao@fda.ufal.br
administracao@cesmac.edu.br; contato@cesmac.edu.br
direito@cesmac.edu.br; contato@cesmac.edu.br
secretariaacademica@aesa.edu.br
secretaria@seune.edu.br; administracao@seune.edu.br
secretaria@seune.edu.br; direito@seune.edu.br
joão.dmartins@estacio.br
manuela.souza@estacio.br; christine.mendes@estacio.br
simone.bergamo@sereducacional.com
nathalie.cortes@sereducacional.com

coordenacaodireito@famaalagoas.edu.br

contato@umj.edu.br
contato@umj.edu.br
fic@unifal.edu.br





daa@isesc.edu.br;
cce.proex@ifal.edu.br; cri.proex@ifal.edu.br; posgraduacao@ifal.edu.br; campus.arapiraca@ifal.edu.br; marcos.serafim@ifal.edu.br; dg.beneditobentes@ifal.edu.br; dg.coruripe@ifal.edu.br; damiao.santos@ifal.edu.br; dg.maragogi@ifal.edu.br; dg.marechal@ifal.edu.br; dg.murici@ifal.edu.br; direcao@ifalpalmeira.edu.br; comunicacao.penedo@ifal.edu.br; dg.piranhas@ifal.edu.br; dg.riolargo@ifal.edu.br; gilberto.neto@ifal.edu.br; dg.saomiguel@ifal.edu.br; gabinete.satuba@ifal.edu.br; valdomiro.pereira@ifal.edu.br

mayara.rios@unit.afya.com.br
marizangela.melo@unit.afya.com.br

maceio@frm.edu.br; penedo@frm.edu.br; campanha@frm.edu.br
maceio@frm.edu.br; penedo@frm.edu.br; campanha@frm.edu.br
reitoria@uneal.edu.br; gabinete@uneal.edu.br; prograd@uneal.edu.br, propep@uneal.edu.br; superintendencia@uneal.edu.br; direcaocampus1@uneal.edu.br; direcaocampus2@uneal.edu.br; direcaocampus3@uneal.edu.br; direcaocampus4@uneal.edu.br; direcaocampus5@uneal.edu.br; direcaocampus6@uneal.edu.br
reitoria@uneal.edu.br; gabinete@uneal.edu.br; prograd@uneal.edu.br, propep@uneal.edu.br; superintendencia@uneal.edu.br; direcaocampus1@uneal.edu.br; direcaocampus2@uneal.edu.br; direcaocampus3@uneal.edu.br; direcaocampus4@uneal.edu.br; direcaocampus5@uneal.edu.br; direcaocampus6@uneal.edu.br
reitoria@uneal.edu.br; gabinete@uneal.edu.br; prograd@uneal.edu.br, propep@uneal.edu.br; superintendencia@uneal.edu.br; direcaocampus1@uneal.edu.br; direcaocampus2@uneal.edu.br; direcaocampus3@uneal.edu.br; direcaocampus4@uneal.edu.br; direcaocampus5@uneal.edu.br; direcaocampus6@uneal.edu.br

adm.anhangueramaceio@hotmail.com
adm.anhangueramaceio@hotmail.com
direito.sertao@cesmac.edu.br

direito.agreste@cesmac.edu.br


campanha@frm.edu.br
campanha@frm.edu.br
nossafaculdade@gmail.com
nossafaculdade@gmail.com


dadm.ufam@gmail.com; gabinete@ufam.edu.br; proadm@ufam.edu.br; secretariaproeg@ufam.edu.br; proreitoriaadjproeg@ufam.edu.br; propesp@ufam.edu.br; ascom@ufam.edu.br
gabinete@ufam.edu.br; proadm@ufam.edu.br; secretariaproeg@ufam.edu.br; proreitoriaadjproeg@ufam.edu.br; propesp@ufam.edu.br; ascom@ufam.edu.br
direcaofd@ufam.edu.br; coordenacaofd@ufam.edu.br; gabinete@ufam.edu.br; proadm@ufam.edu.br; secretariaproeg@ufam.edu.br; proreitoriaadjproeg@ufam.edu.br; propesp@ufam.edu.br; ascom@ufam.edu.br
gabinete@ufam.edu.br; proadm@ufam.edu.br; secretariaproeg@ufam.edu.br; proreitoriaadjproeg@ufam.edu.br; propesp@ufam.edu.br; ascom@ufam.edu.br
secretariaifchs@ufam.edu.br; ppgs@ufam.edu.br; gabinete@ufam.edu.br; proadm@ufam.edu.br; secretariaproeg@ufam.edu.br; proreitoriaadjproeg@ufam.edu.br; propesp@ufam.edu.br; ascom@ufam.edu.br


unirelacionamento@unigranrio.com.br
academico@ciesa.br
direito@ciesa.br


faculdade.fucapi@fucapi.br; cunhabebe@gmail.com


assessoria@uninorte.com.br;  ligia@uninorte.com.br
assessoria@uninorte.com.br;  ligia@uninorte.com.br
ednelza.silva@esbam.edu.br; comunicacao@esbam.edu.br
eliza.lasmar@esbam.edu.br; comunicacao@esbam.edu.br
carreiras@unifg.edu.br

coord.direito@fametro.edu.br



nae@unilasalle.edu.br;

proadm@uea.edu.br;  propesp@uea.edu.br
prograd@uea.edu.br
administracao@fbnovas.edu.br
direito@fbnovas.edu.br
emec@sereducacional.com
emec@sereducacional.com
cgfirpe@gmail.com; keiko.sasaki@estacio.br;
cgfirpe@gmail.com; keiko.sasaki@estacio.br;
diretoria@faculdadesantateresa.edu.br
diretoria@faculdadesantateresa.edu.br










institutoamazonicoiames@gmail.com
unifap@unifap.br
unifap@unifap.br
unifap@unifap.br
unifap@unifap.br
unifap@unifap.br
ceap@ceap.br
ceap@ceap.br
cgseama@gmail.com; regulatorio.nacional@estacio.br

gfalal@gmail.com;regulatorio.nacional@estacio.br;keiko.sasaki@estacio.br;

ddi@kroton.com.br;danielle.fnonato@kroton.com.br

pigeral@unip.br;pigeral2020@gmail.com






reitoria@uesc.br
reitoria@uesc.br
asmlima@uneb.br
asmlima@uneb.br
asmlima@uneb.br



regulatorio@animaeducacao.com.br
regulatorio@animaeducacao.com.br
regulatorio@animaeducacao.com.br
cguniruyw@gmail.com;regulatorio.nacional@estacio.br;keiko.sasaki@yduqs.com.br
cguniruyw@gmail.com;regulatorio.nacional@estacio.br;keiko.sasaki@yduqs.com.br



reitoria@ucsal.br
reitoria@ucsal.br
gabinete@ufba.br
gabinete@ufba.br
gabinete@ufba.br


procuradoriaeducacional@uefs.br
procuradoriaeducacional@uefs.br
procuradoriaeducacional@uefs.br
ga@uesb.edu.br
ga@uesb.edu.br
ga@uesb.edu.br
"lsoares@ftc.edu.br;i
hanmarck@ftc.edu.br;
marcly.fsa@ftc.edu.br;
vrangel.fsa@ftc.edu.br"
"lsoares@ftc.edu.br;i
hanmarck@ftc.edu.br;
marcly.fsa@ftc.edu.br;
vrangel.fsa@ftc.edu.br"
emec@sereducacional.com
emec@sereducacional.com
"cgcenunivfib@gmail.com;
regulatorio.nacional@estacio.br;
keiko.sasaki@estacio.br;"
"cgcenunivfib@gmail.com;
regulatorio.nacional@estacio.br;
keiko.sasaki@estacio.br;"


direcaogeral@famec.edu.br
direcaogeral@famec.edu.br
reitoria@unijorge.edu.br; denize.silva@unijorge.edu.br
reitoria@unijorge.edu.br; denize.silva@unijorge.edu.br
reitoria@unijorge.edu.br; denize.silva@unijorge.edu.br




marliw@fbb.br; atilajr@fbb.br; andrea.kraus@fbb.br
marliw@fbb.br; atilajr@fbb.br; andrea.kraus@fbb.br
emec@sereducacional.com
emec@sereducacional.com
presidencia@cairu.br
presidencia@cairu.br


mec@unirb.edu.br;cjp@unirb.edu.br, mecpessoal@unirb.edu.br
mec@unirb.edu.br;cjp@unirb.edu.br, mecpessoal@unirb.edu.br
gmartins9@hotmail.com
gmartins9@hotmail.com
fabriciofaro@hotmail.com.br
fabriciofaro@hotmail.com.br
lsoares@ftc.edu.br;aureliano.vic@ftc.edu.br;
lsoares@ftc.edu.br;aureliano.vic@ftc.edu.br;

ddi@kroton.com.br; edivania.ricardo@kroton.com.br
ddi@kroton.com.br; edivania.ricardo@kroton.com.br
direcao@cesesb.edu.br
direcao@cesesb.edu.br

regulatorio@animaeducacao.com.br
regulatorio@animaeducacao.com.br
diretoria@faveni.edu.br
diretoria@faveni.edu.br
lsoares@ftc.edu.br
lsoares@ftc.edu.br
fat@fat.edu.br
fat@fat.edu.br
mneto.vic@ftc.edu.br;malmeida.jeq@ftc.edu.br
mneto.vic@ftc.edu.br;malmeida.jeq@ftc.edu.br
vicepresidencia@gruponobre.net
pi@fainor.com.br

ffassis@ffassis.edu.br
ffassis@ffassis.edu.br
cjp@unirb.edu.br;unirb@unirb.edu.br; mec@unirb.edu.br; mecpessoal@unirb.edu.br
cjp@unirb.edu.br;unirb@unirb.edu.br; mec@unirb.edu.br; mecpessoal@unirb.edu.br

emec@sereducacional.com
emec@sereducacional.com

regulatorio@animaeducacao.com.br
regulatorio@animaeducacao.com.br
lhlmartini@uol.com.br
lhlmartini@uol.com.br
unirb@unirb.edu.b
unirb@unirb.edu.b
pigeral@unip.br;pigeral2020@gmail.com
pigeral@unip.br;pigeral2020@gmail.com



secretaria@unirios.edu.br
secretaria@unirios.edu.br
lsoares@ftc.edu.br;aureliano.vic@ftc.edu.br;
lsoares@ftc.edu.br;aureliano.vic@ftc.edu.br;

ddi@kroton.com.br; katia.parreiras@cogna.com.br
cjp@unirb.edu.br; unirb@unirb.edu.br
pigeral@unip.br;pigeral2020@gmail.com
pigeral@unip.br;pigeral2020@gmail.com
administrativo@famam.com.br
administrativo@famam.com.br

vicepresidencia@unef.edu.br
vicepresidencia@unef.edu.br

nossafaculdade@gmail.com
nossafaculdade@gmail.com
maria.mesquita@clariens.com.br; diego.cunha@unesulbahia.edu.br; angela.codonho@clariens.com.br
maria.mesquita@clariens.com.br; diego.cunha@unesulbahia.edu.br; angela.codonho@clariens.com.br

milanesi@faculdadedeilheus.com.br
milanesi@faculdadedeilheus.com.br


natalia.rodrigues@kroton.com.br; ddi@kroton.com.br
natalia.rodrigues@kroton.com.br; ddi@kroton.com.br



legis.educ@universidadebrasil.edu.br
cesupi@faculdadedeilheus.com.br
cesupi@faculdadedeilheus.com.br
33salles33@gmail.com;pesqinstitucional.fssal@gmail.com
33salles33@gmail.com;pesqinstitucional.fssal@gmail.com
aivinis@brasiliaeducacional.com.br
aivinis@brasiliaeducacional.com.br

valmir.martins@dompedrosegundo.edu.br
valmir.martins@dompedrosegundo.edu.br


nossafaculdade@gmail.com
nossafaculdade@gmail.com
carolina@faculdadebaianadedireito.com.br; francisco@faculdadebaianadedireito.com.br
carolina@faculdadebaianadedireito.com.br; francisco@faculdadebaianadedireito.com.br
cjp@unirb.edu.br; mecpessoal@unirb.edu.br; mec@unirb.edu.br
cjp@unirb.edu.br; mecpessoal@unirb.edu.br; mec@unirb.edu.br
m.angelica@faahf.edu.br;marlylopo@gmail.com
m.angelica@faahf.edu.br;marlylopo@gmail.com

valmir.martins@dompedrosegundo.edu.br
carolinasantana@adventista.edu.br
carolinasantana@adventista.edu.br
farj-edu@hotmail.com
farj-edu@hotmail.com
danielle.fnonato@kroton.com.br;ddi@kroton.com.br
danielle.fnonato@kroton.com.br;ddi@kroton.com.br








cgunidasfs@gmail.com;regulatorio.nacional@estacio.br;keiko.sasaki@estacio.br


cjp@unirb.edu.br; mec@unirb.edu.br





marcos.carvalho@faifaculdade.com.br
cjp@unirb.edu.br
cjp@unirb.edu.br
debora.cardoso@vic.fasa.edu.br; pesquisador@santoagostinho.edu.br; deborac@fasa.edu.br




cjp@unirb.edu.br

regulatorio@animaeducacao.com.br
regulatorio@animaeducacao.com.br
GABINETE@UFOB.EDU.BR
GABINETE@UFOB.EDU.BR


ddi@kroton.com.br; danielle.fnonato@cogna.com.br
davidfaresi@gmail.com
regulatorio@animaeducacao.com.br
regulatorio@animaeducacao.com.br
reitoria@ufsb.edu.br
reitoria@ufsb.edu.br
ddi@kroton.com.br;thales.pimentel@kroton.com.br
ddi@kroton.com.br;thales.pimentel@kroton.com.br
direcao@atmos.edu.br
ddi@kroton.com.br; edivania.ricardo@kroton.com.br
regulatorio@animaeducacao.com.br
regulatorio@animaeducacao.com.br
ddi@kroton.com.br; danielle.fnonato@cogna.com.br
regulatorio@animaeducacao.com.br
thales.pimentel@cogna.com.br; ddi@kroton.com.br
cjp@unirb.edu.br; mec@unirb.edu.br; mecpessoal@unirb.edu.br
ddi@kroton.com.br; thales.pimentel@kroton.com.br
ddi@kroton.com.br; thales.pimentel@kroton.com.br
faculdadefbe@gmail.com
faculdadefbe@gmail.com
faculdadefaesb@gmail.com; educacionaldirecao@gmail.com
faculdadefaesb@gmail.com; educacionaldirecao@gmail.com
ddi@kroton.com.br; danielle.fnonato@cogna.com.br
ddi@kroton.com.br; danielle.fnonato@cogna.com.br
nossafaculdade@gmail.com
ddi@kroton.com.br; quezia.rebula@cogna.com.br
unifan@unifan.edu.br


llsoares@ftc.edu.br;dcocco.jua@ftc.edu.br;cfsantos.ita@ftc.edu.b
lsoares@ftc.edu.br;dcocco.jua@ftc.edu.br;mneto.vic@ftc.edu.br

reitor@uece.br
reitor@uece.br
reitoria@uvanet.br
reitoria@uvanet.br


reitoria@unifor.br; administracao@unifor.br
direito@unifor.br; reitoria@unifor.br
coord.adm@ufc.br; greitor@ufc.br; prplufc@ufc.br; copav@prograd.ufc.br
sec_gestaopublica@virtual.ufc.br; greitor@ufc.br; prplufc@ufc.br; copav@prograd.ufc.br
coord.direito@ufc.br; greitor@ufc.br; prplufc@ufc.br; copav@prograd.ufc.br
coord.gepp.ufc@gmail.com; greitor@ufc.br; prplufc@ufc.br; copav@prograd.ufc.br
gabinete@urca.br



unice@unice.br
antonio.antero@fvj.br
terezinhachaves@aec.edu.br







relacionamento@leaosampaio.edu.br
relacionamento@leaosampaio.edu.br



faleconosco@fbuni.edu.br
faleconosco@fbuni.edu.br
administracao@unichristus.edu.br; fc@unichristus.edu.br
direito.pql@unichristus.edu.br; direito.dl@unichristus.edu.br; fc@unichristus.edu.br
unifametro@unifametro.edu.br; edson.filho@unifametro.edu.br


prodi@uninta.edu.br; diretoria@uninta.edu.br
ouvidoria@uninta.edu.br
ouvidoria@uninta.edu.br
secacademica@ratio.edu.br
secacademica@ratio.edu.br






prodi@uninta.edu.br
prodi@uninta.edu.br
faleconosco@catolicadefortaleza.edu.br
faleconosco@catolicadefortaleza.edu.br




diretoresexecutivos@fatene.edu.br

fap@fapce.edu.br
fap@fapce.edu.br
mariana.amaral@uninta.edu.br
administracao@flucianofeijao.com.br; contato@flucianofeijao.com.br
direito@flucianofeijao.com.br; contato@flucianofeijao.com.br


diretoresexecutivos@fatene.edu.br
diretoresexecutivos@fatene.edu.br

secretariaacademica@faculdadecdl.edu.br; damata@faculdadecdl.edu.br
secretariaacademica@faculdadecdl.edu.br; damata@faculdadecdl.edu.br
secretaria@fpo.edu.br
rafael.bastos@uniateneu.edu.br; claudio.rabelo@uniateneu.edu.br; marcia.pimentel@uniateneu.edu.br
rafael.bastos@uniateneu.edu.br; claudio.rabelo@uniateneu.edu.br; marcia.pimentel@uniateneu.edu.br



































































unb@unb.br;  secom@unb.br; adm@unb.br
unb@unb.br;  secom@unb.br; secretariaipol@unb.br
unb@unb.br;  secom@unb.br; sol@unb.br
unb@unb.br;  secom@unb.br;  secretariafd@unb.br
unb@unb.br;  secom@unb.br; gpop@unb.br
unb@unb.br;  secom@unb.br; irel@unb.br
assessoriadeimprensa@uniceub.br; ceub@maquinacw.com; central.atendimento@uniceub.br
assessoriadeimprensa@uniceub.br; ceub@maquinacw.com; central.atendimento@uniceub.br
assessoriadeimprensa@uniceub.br; ceub@maquinacw.com; central.atendimento@uniceub.br




























































































































































































































































































































































































































































reitoria@ufop.edu.br; informacoes.prograd@ufop.edu.br; propp@ufop.edu.br
reitoria@ufop.edu.br; informacoes.prograd@ufop.edu.br; diretoria.edtm@ufop.edu.br
dad@ufv.br; reitoria@ufv.br
dpd@ufv.br; reitoria@ufv.br
reitoria@ufu.br; admintegral@fagen.ufu.br; admnoturno@fagen.ufu.br;
reitoria@ufu.br; admpublica@fagen.ufu.br
reitoria@ufu.br; diretoria@fadir.ufu.br; secretaria@fadir.ufu.br; codir@fadir.ufu.br;
reitoria@ufu.br; ieri@ufu.br; cocce@ufu.br; cocri@ie.ufu.br; ppge@ufu.br; secppgri@ufu.br;


alfenas@unifenas.br; divinopolis@unifenas.br; varginha@unifenas.br; belohorizonte@unifenas.br; campobelo@unifenas.br; pocosdecaldas@unifenas.br
alfenas@unifenas.br; divinopolis@unifenas.br; varginha@unifenas.br; belohorizonte@unifenas.br; campobelo@unifenas.br; pocosdecaldas@unifenas.br
fdcl@fdcl.edu.br
reitoria@ufsj.edu.br; admpublica@nead.ufsj.edu.br; sepos@ufsj.edu.br
unar@unar.edu.br
unar@unar.edu.br

secretaria@fadiva.edu.br; diretoria@fadiva.edu.br; comunicacao@fadiva.edu.br; pj@fadiva.edu.br; posfadiva@fadiva.edu.br


uniube@uniube.br

faicomunica@fai-mg.br
posgraduacao@fdsm.edu.br; ppgd@fdsm.edu.br; npj@fdsm.edu.br; coordenacao@fdsm.edu.br; ativcomp@fdsm.edu.br
famig@famig.edu.br
famig@famig.edu.br
contato.secretaria@izabelahendrix.metodista.br; pnovalima@metodista.br
contato.secretaria@izabelahendrix.metodista.br; pnovalima@metodista.br

contato@fadivale.com.br

cad@unipac.br
cad@unipac.br
secgraduacao@machadosobrinho.com.br; secfac@machadosobrinho.com.br; estagio@machadosobrinho.com.br
vicedirecao@uniacademia.edu.br; contato@uniacademia.edu.br; cesjf@cesjf.br
vicedirecao@uniacademia.edu.br; contato@uniacademia.edu.br; cesjf@cesjf.br
ead.secgrad@pucminas.br; ead.secpos@pucminas.br; proreitoria.virtual@pucminas.br; diretoriaacademica.virtual@pucminas.br; reitoriapuc@pucminas.br; gabreitor@pucminas.br; secacad@pucminas.br
secfmd@pucminas.br; ead.secgrad@pucminas.br; ead.secpos@pucminas.br; proreitoria.virtual@pucminas.br; diretoriaacademica.virtual@pucminas.br; reitoriapuc@pucminas.br; gabreitor@pucminas.br
ead.secgrad@pucminas.br; ead.secpos@pucminas.br; proreitoria.virtual@pucminas.br; diretoriaacademica.virtual@pucminas.br; reitoriapuc@pucminas.br; gabreitor@pucminas.br
louis.vieira@newtonpaiva.br; rodolfo.rodrigues@newtonpaiva.br; regina.jorge@dezoitocom.com.br
rodolfo.rodrigues@newtonpaiva.br; regina.jorge@dezoitocom.com.br
contato@animaeducacao.com.br; julia.medeiros@redecomunicacao.com
contato@animaeducacao.com.br; julia.medeiros@redecomunicacao.com
contato@animaeducacao.com.br; julia.medeiros@redecomunicacao.com



administracao@unimontes.br
direito@unimontes.br






contatoitba@facmais.edu.br
contatoitba@facmais.edu.br

reitoria@univale.br; administracao@univale.br
direito@univale.br; reitoria@univale.br
reitoria@brazcubas.edu.br;
coordadministracao@funcesi.br;
coorddireito@funcesi.br
info@prae.ufmg.br; cegrad@face.ufmg.br
lmichel@ufmg.br; sensino@direito.ufmg.br
secretaria.prograd@ufjf.br; propp@ufjf.br; secretariageral.reitoria@ufjf.br; gabinete.reitoria@ufjf.br; faleconosco@ufjf.br; secretaria.eco@ufjf.br; coord.economia@ufjf.br;
secretaria.prograd@ufjf.br; propp@ufjf.br; secretariageral.reitoria@ufjf.br; gabinete.reitoria@ufjf.br
secretaria.prograd@ufjf.br; propp@ufjf.br; secretariageral.reitoria@ufjf.br; gabinete.reitoria@ufjf.br; direcao.direito@ufjf.br; secretaria.direito@ufjf.br; pos.seguranca.ufjf@gmail.com; ppg.direito@ufjf.br; coord.direitodiurno@ufjf.br; coordn.direito@ufjf.br; npj.ufjf@gmail.com;
reitoria@ufla.br; prg@ufla.br; prpg@ufla.br; sec.dae@ufla.br; administracao.si@ufla.br; ppga.si@ufla.br
reitoria@ufla.br; prg@ufla.br; prpg@ufla.br; sec.dap@ufla.br
reitoria@ufla.br; prg@ufla.br; prpg@ufla.br; secretaria.dir@ufla.br; chefia.direito@ufla.br
gabinete@cefetmg.br; dirgrad@adm.cefetmg.br; dppg@cefetmg.br
reitoria@unifal-mg.edu.br; grad@unifal-mg.edu.br; dimitri.toledo@unifal-mg.edu.br
prograd@ufvjm.edu.br; dg.to@ufvjm.edu.br; daa.unai@ufvjm.edu.br; depex.unai@ufvjm.edu.br; depex.jan@ufvjm.edu.br; daa.jan@ufvjm.edu.br; pro_reitor_prppg@ufvjm.edu.br; ead@ufvjm.edu.br; secdead@ead.ufvjm.edu.br; depad.facsae@ufvjm.edu.br; coordenacaoadm@ufvjm.edu.br;
prograd@ufvjm.edu.br; dg.to@ufvjm.edu.br; daa.unai@ufvjm.edu.br; depex.unai@ufvjm.edu.br; depex.jan@ufvjm.edu.br; daa.jan@ufvjm.edu.br; pro_reitor_prppg@ufvjm.edu.br; ead@ufvjm.edu.br; secdead@ead.ufvjm.edu.br; depad.facsae@ufvjm.edu.br; coordenacaoadm@ufvjm.edu.br;
reitoria@unifei.edu.br; vicereitor@unifei.edu.br; gabinete@unifei.edu.br; prg@unifei.edu.br; dpg@unifei.edu.br;
1916.secretaria@cnec.br; 1916.direcao@cnec.br
1916.secretaria@cnec.br; 1916.direcao@cnec.br
contato@animaeducacao.com.br
contato@animaeducacao.com.br
reitoria@unitau.br; secretariageral@unitau.br; gen@unitau.br;
reitoria@unitau.br; secretariageral@unitau.br; direito@unitau.br
finom@finom.edu.br; finompm@finom.edu.br
institucional@fasf.edu.br
institucional@fasf.edu.br
diretoria@facic.br
fapam@fapam.edu.br
fapam@fapam.edu.br
atendimento@fadileste.edu.br; fadileste.edu@hotmail.com
atendimento@fagammon.edu.br
administracao@faculdadesaolourenco.com.br
direito@faculdadesaolourenco.com.br
coordadm@fac.br
coorddireito@fac.br
atendimento@unileste.edu.br
atendimento@unileste.edu.br
leticia.godinho@fjp.mg.gov.br; silvio.junior@fjp.mg.gov.br; csap@fjp.mg.gov.br; thiago.malaguth@fjp.mg.gov.br;
comunicacao@funorte.edu.br; sueli.nobre@funorte.edu.br; leila.siqueira@funorte.edu.br; daniela.mello@funorte.edu.br; denise.maia@funorte.edu.br
comunicacao@funorte.edu.br; sueli.nobre@funorte.edu.br; leila.siqueira@funorte.edu.br; daniela.mello@funorte.edu.br; denise.maia@funorte.edu.br

pi@fevasf.edu.br
factu@factu.br
factu@factu.br
gabinete@uemg.br; vice.reitoria@uemg.br; comunicacao@uemg.br; internacional@uemg.br; prograd@uemg.br; faleconosco@uemg.br
gabinete@uemg.br; vice.reitoria@uemg.br; comunicacao@uemg.br; internacional@uemg.br; prograd@uemg.br; faleconosco@uemg.br
gabinete@uemg.br; vice.reitoria@uemg.br; comunicacao@uemg.br; internacional@uemg.br; prograd@uemg.br; faleconosco@uemg.br
direcaoacademica@facfama.edu.br; contato@facfama.edu.br; coordadministracao@facfama.edu.br
direcaoacademica@facfama.edu.br; contato@facfama.edu.br; coorddireito@facfama.edu.br
2021.secretaria@cnec.br
2021.secretaria@cnec.br
uit@uit.br
uit@uit.br
soecs@faculdadesabara.com.br
soecs@faculdadesabara.com.br
secretaria@fasar.com.br; comunicacao@fasar.com.br; ceac@fasar.com.br
comunicacao@somospromove.com.br
cac.img@granbery.metodista.br
cac.img@granbery.metodista.br


facisamg@facisamg.com.br
facisamg@facisamg.com.br
finom@finom.edu.br; finompm@finom.edu.br



faleconosco@fagoc.br; coordadm@unifagoc.edu.br
coorddir@unifagoc.edu.br
reitoria@unicerp.edu.br; diretoria@unicerp.edu.br; administracao@unicerp.edu.br
reitoria@unicerp.edu.br; diretoria@unicerp.edu.br; direito@unicerp.edu.br














































































































































































































































































































reitoria@unitau.br; pi@unitau.br; secretariageral@unitau.br




















































"gabinete.reitoria@ufmt.br; ufmtgabinetereitoria@gmail.com; adm_depto@ufmt.br; secretaria.adm.ufmt@gmail.com; cegadm.facc@ufmt.br
"
gabinete.reitoria@ufmt.br; ufmtgabinetereitoria@gmail.com; secretaria.adm.pub@gmail.com
gabinete.reitoria@ufmt.br; ufmtgabinetereitoria@gmail.com; diretoria.ichs-cua@ufmt.br; secretaria.ichs-cua@ufmt.br; coordenacaodireitoufmt@hotmail.com
reitoria@cruzeirodosul.edu.br
ddi@kroton.com.br; fernanda.zancheta@kroton.com.br
reitoriaunemat@unemat.br; regulacao@unemat.br; prae@unemat.br
reitoriaunemat@unemat.br; regulacao@unemat.br; prae@unemat.br
reitoriaunemat@unemat.br; regulacao@unemat.br; prae@unemat.br
reitoriaunemat@unemat.br; regulacao@unemat.br; prae@unemat.br
reitoriaunemat@unemat.br; regulacao@unemat.br; prae@unemat.br




univag@univag.edu.br
univag@univag.edu.br
diretoriageral@fidedu.com.br; coordadm@fidedu.com.br; mkt@ﬁdedu.com.br; secpos@fidedu.com.br; cpge@fidedu.com.br; faculdadefid@fidedu.com.br
anaclaudia.gu@hotmail.com
anaclaudia.gu@hotmail.com



cguniseb@gmail.com;regulatorio.nacional@estacio.br;marcia.aparecida@yduqs.com.br;
ddi@kroton.com.br;petre.rebac@kroton.com.br
ddi@kroton.com.br;petre.rebac@kroton.com.br


diretoria@unifama.com.br; coordenacaounifama2022@gmail.com; posgraduacao@unifama.com.br
diretoria@unifama.com.br; coordenacaounifama2022@gmail.com; posgraduacao@unifama.com.br
fcarp@fcarp.edu.br; diretoriageral@fcarp.edu.br;izafcarp@gmail.com
coord.direito@fcarp.edu.br; fcarp@fcarp.edu.br; diretoriageral@fcarp.edu.br;izafcarp@gmail.com
cgfessc@gmail.com;regulatorio.nacional@estacio.br;marcia.aparecida@yduqs.com.br;
petre.rebac@kroton.com.br;ddi@kroton.com.br
petre.rebac@kroton.com.br;ddi@kroton.com.br
fabiana_varanda@hotmail.com; prof.lizandralcpo@gmail.com
fabiana_varanda@hotmail.com; prof.lizandralcpo@gmail.com
mkt@fasipe.com.br
mkt@fasipe.com.br
jardelino.menegat@lasalle.org.br; graduacao.administracao@unilasallelucas.edu.br; nadia.nyari@unilasallelucas.edu.br; adm@unilasalle.edu.br
jardelino.menegat@lasalle.org.br; graduacao.direito@unilasallelucas.edu.br; hugo.grokskreutz@unilasallelucas.edu.br



rinaldo.capra@unicathedral.edu.br; comunicacao@unicathedral.edu.br; suzana.martins@unicathedral.edu.br; veronica.sena@unicathedral.edu.br
rinaldo.capra@unicathedral.edu.br; comunicacao@unicathedral.edu.br; suzana.martins@unicathedral.edu.br; veronica.sena@unicathedral.edu.br
pigeral@unip.br;pigeral2020@gmail.com
pigeral@unip.br;pigeral2020@gmail.com



clodis@ajes.edu.br;gtomasini@ajes.edu.br;sandro.emec@outlook.com
clodis@ajes.edu.br;gtomasini@ajes.edu.br;sandro.emec@outlook.com
direcao.academica@unifacc.com.br; edson.sestari@faccmt.edu.br; sec.direcao@unifacc.com.br; coord.posgraduacao@unifacc.com.br
direcao.academica@unifacc.com.br; edson.sestari@faccmt.edu.br; sec.direcao@unifacc.com.br; coord.posgraduacao@unifacc.com.br




gabinete@ifmt.edu.br; gabinete@ifmt.edu.br; luiz.santos@alf.ifmt.edu.br
aivinis@brasiliaeducacional.com.br
aivinis@brasiliaeducacional.com.br
diretoria@faveni.edu.br; sac@unifaveni.com.br
diretorfinanceiroinvest@gmail.com; institutoinvestdeeducacao@hotmail.com; correiodoemilio@gmail.com; cleberparticular@hotmail.com
diretorfinanceiroinvest@gmail.com; institutoinvestdeeducacao@hotmail.com; correiodoemilio@gmail.com; cleberparticular@hotmail.com
normas@unicesumar.edu.br;fabiana.nsilva@vitru.com.br
fac.altafloresta@gmail.com

direcaoacademica.facem@fundacaoclaudinofrancio.com.br; administracao.facem@fundacaoclaudinofrancio.com.br; secretaria@facem.com.br
direcaoacademica.facem@fundacaoclaudinofrancio.com.br; direito.facem@fundacaoclaudinofrancio.com.br; secretaria@facem.com.br
univar@univar.edu.br; administracao@univar.edu.br
univar@univar.edu.br; direito@univar.edu.br



coordenacaodireito@faipe.edu.br; contato@faipe.edu.br; secretaria@faipe.edu.br
clodis@ajes.edu.br;gtomasini@ajes.edu.br
clodis@ajes.edu.br;gtomasini@ajes.edu.br
faest@faest.edu.br
atendimento@portalibg.com.br
contato@fasipecuiaba.com.br
contato@fasipecuiaba.com.br
contato@fasipedf.com.br



sac@faspec.edu.br; kleber.pinto@faspec.edu.br
educare@educaremt.com.br


faculdadeterrabrasilis@gmail.com; juliocalixto2007@gmail.com

diretoria@unifama.com.br; coordenacaounifama2022@gmail.com; posgraduacao@unifama.com.br; direcaopedagogica@unifama.com.br

comercial@fasiperondonopolis.com.br
comercial@fasiperondonopolis.com.br
atendimento@ibreducacional.com.br; direcaoacademica@ibreducacional.com.br; direcaoadministrativa@ibreducacional.com.br
secretaria@unicentral.com.br
contato@faculaddegarcabranca.com.br
contato@famutum.com.br
thaiscomercial@fasipesorriso.com.br; diretor@fasipesorriso.com.br
fiseb.de.cuiaba@gmail.com
contato@famutum.com.br
secretaria.reitoria@ufr.edu.br; deg.proeg@ufr.edu.br; propgp@ufr.edu.br; proexa@ufr.edu.br; administracao@ufr.edu.br
mkt@fasipe.com.br
gabinete@uepa.br; ascom@uepa.br
emec@sereducacional.com
emec@sereducacional.com
emec@sereducacional.com

atendimento.stm@ulbra.br; procinstitucional@ulbra.br; reitor.santarem@ulbra.br; ensino.stm@ulbra.br
reitor@ufpa.br; dinfi@ufpa.br; cpa.ufpa@gmail.com; pi@ufpa.br
reitor@ufpa.br; dinfi@ufpa.br; cpa.ufpa@gmail.com; pi@ufpa.br
dir.geral.icj@ufpa.br; sec.academica.icj@gmail.com; reitor@ufpa.br; dinfi@ufpa.br; cpa.ufpa@gmail.com; pi@ufpa.br
reitor@ufpa.br; dinfi@ufpa.br; cpa.ufpa@gmail.com; pi@ufpa.br
dra@ufra.edu.br; adriano.gama@ufra.edu.br; reitoria@ufra.edu.br
emec@sereducacional.com
emec@sereducacional.com
cesupa@cesupa.br
cesupa@cesupa.br
ddi@kroton.com.br; quezia.rebula@kroton.com.br
cgfaciw@gmail.com; regulatorio.nacional@estacio.br; maria.mota@yduqs.com.br
cgfaciw@gmail.com; regulatorio.nacional@estacio.br; maria.mota@yduqs.com.br
pigeral@unip.br; pigeral2020@gmail.com
pigeral@unip.br; pigeral2020@gmail.com
pigeral@unip.br; pigeral2020@gmail.com
giesam@gmail.com; regulatorio.nacional@estacio.br
direcao@iespes.edu.br; atendimento@iespes.edu.br
direcao@iespes.edu.br; atendimento@iespes.edu.br
atendimento@aiec.br
cgfappa@gmail.com; regulatorio.nacional@estacio.br
cgfappa@gmail.com; regulatorio.nacional@estacio.br
fai@unifaitb.edu.br
fai@unifaitb.edu.br
samia.esmac@gmail.com; secretaria@esmac.edu.br
samia.esmac@gmail.com; secretaria@esmac.edu.br
contato@fibrapara.edu.br; conlei@fibrapara.edu.br
contato@fibrapara.edu.br; conlei@fibrapara.edu.br
mauroleonidas16@hotmail.com
mauroleonidas16@hotmail.com
juniornauar@hotmail.com
juniornauar@hotmail.com
fatfaculdadetapajos@gmail.com
contato@uniesamaz.com.br
contato@uniesamaz.com.br
fabel@fabelnet.com.br; diretoria@fabelnet.com.br; fabriziobordallo@gmail.com
fabel@fabelnet.com.br; diretoria@fabelnet.com.br; fabriziobordallo@gmail.com
pigeral@unip.br; pigeral2020@gmail.com
pigeral@unip.br; pigeral2020@gmail.com
adriele.fontes@fesar.edu.br; valdeci.filho@fesar.edu.br; financiamento@afya.com.br
adriele.fontes@fesar.edu.br; valdeci.filho@fesar.edu.br; financiamento@afya.com.br
secretaria@faam.com.br; valeskalola@faam.com.br; seac@faam.com.br
secretaria@faam.com.br; valeskalola@faam.com.br; seac@faam.com.br
pigeral@unip.br; pigeral2020@gmail.com
pigeral@unip.br; pigeral2020@gmail.com
driana@famaz.edu.br; ntae@ceuma.br; pesquisador@ceuma.br
driana@famaz.edu.br; ntae@ceuma.br; pesquisador@ceuma.br
katia.parreiras@cogna.com.br; ddi@kroton.com.br;
katia.parreiras@cogna.com.br; ddi@kroton.com.br;
fcat4915@gmail.com; regulatorio.nacional@estacio.br
fcat4915@gmail.com; regulatorio.nacional@estacio.br


alexandre@carajaseducacional.com.br
alexandre@carajaseducacional.com.br
emec@sereducacional.com
emec@sereducacional.com
l.reinaldo@uol.com.br
reitoria@ufopa.edu.br; secretaria.reitoria@ufopa.edu.br; arni@ufopa.edu.br; comunica@ufopa.edu.br; coord.academica.icta@ufopa.edu.br
reitoria@ufopa.edu.br; secretaria.reitoria@ufopa.edu.br; arni@ufopa.edu.br; comunica@ufopa.edu.br; coord.academica.icta@ufopa.edu.br
direcao@fadesa.edu.br; direcaomauricio@fadesa.edu.br
direcao@fadesa.edu.br; direcaomauricio@fadesa.edu.br
diretoria@faceel.com.br
viniciosanacleto@gmail.com; pi@unifav.com.br
fam.emec@faculdadefam.edu.br
fam.emec@faculdadefam.edu.br
secretariafaculdadefacesp@hotmail.com
contato@cavanis.edu.br
direcaogeral@famma.com.br; facfamma@hotmail.com

diretoria.academica@faculdadecosmopolita.edu.br
diretoria.academica@faculdadecosmopolita.edu.br
dir.academica@faculdadefcc.edu.br; comercial@faculdadefcc.edu.br
gabinete@unifesspa.edu.br; vicereitoria@unifesspa.edu.br; sege@unifesspa.edu.br
gabinete@unifesspa.edu.br; vicereitoria@unifesspa.edu.br; sege@unifesspa.edu.br







ddi@kroton.com.br; thales.pimentel@kroton.com.br


aivinis@brasiliaeducacional.com.br
secretaria@esamazabaetetuba.com.br
contato@faculdadefamap.edu.br
regulacaoparana@gmail.com
thales.pimentel@kroton.com.br; ddi@kroton.com.br




























































secretariastrictosensu@unicap.br; charles.andrade@unicap.br
stefano.toscano@unicap.br
direcaocesa@hotmail.com;
facho@facho.br
facho@facho.br











































































































































































































































































































































































































































































































































































































































reitoria@uern.br; secretaria@uern.br
reitoria@uern.br; secretaria@uern.br
reitora@reitoria.ufrn.br; gabinete@reitoria.ufrn.br;
reitora@reitoria.ufrn.br; gabinete@reitoria.ufrn.br;
coocs@cchla.ufrn.br; eliane.tania@ufrn.br; reitora@reitoria.ufrn.br; gabinete@reitoria.ufrn.br;
reitora@reitoria.ufrn.br; gabinete@reitoria.ufrn.br;
reitora@reitoria.ufrn.br; gabinete@reitoria.ufrn.br;
reitora@ufersa.edu.br; gabinete@ufersa.edu.br; ericka.lima@ufersa.edu.br
reitora@ufersa.edu.br; gabinete@ufersa.edu.br; ericka.lima@ufersa.edu.br
contato@animaeducacao.com.br
contato@animaeducacao.com.br
contato@animaeducacao.com.br
secretaria@unifacex.edu.br; oswaldo@unifacex.edu.br; prorac@unifacex.edu.br
secretaria@unifacex.edu.br; oswaldo@unifacex.edu.br; prorac@unifacex.edu.br
secretaria@unifacex.edu.br; oswaldo@unifacex.edu.br; prorac@unifacex.edu.br
unirn@unirn.edu.br; patricia@unirn.edu.br
unirn@unirn.edu.br; patricia@unirn.edu.br

cjp@unirb.edu.br
cjp@unirb.edu.br
presidente@facen.com.br






contato@faculdadecesa.edu.br
direcao@fcst.edu.br
direcao@fcst.edu.br




atendimento@catolicadorn.com.br; comercialpos@catolicadorn.com.br; academico@catolicadorn.com.br
atendimento@catolicadorn.com.br; comercialpos@catolicadorn.com.br; academico@catolicadorn.com.br

angelaraulino@msn.com
angelaraulino@msn.com
secretaria@faciten.com.br
secretaria@faciten.com.br







lsoares@ftc.edu.br; dcocco.jua@ftc.edu.br; mneto.vic@ftc.edu.br

centraldoaluno@saolucasjiparana.edu.br; reitoria@saolucasjiparana.edu.br;
centraldoaluno@saolucasjiparana.edu.br; reitoria@saolucasjiparana.edu.br;

reitoria@unir.br
reitoria@unir.br
reitoria@unir.br


secretaria@coopevi.com.br
secretaria@coopevi.com.br

sec.adm@fimca.com.br; dcom@fimca.com.br; sra@fimca.com.br
sec.adm@fimca.com.br; dcom@fimca.com.br; sra@fimca.com.br


centraldoaluno@saolucas.edu.br; cia@saolucas.edu.br
centraldoaluno@saolucas.edu.br; cia@saolucas.edu.br
srm@uniron.edu.br
srm@uniron.edu.br
iesur@faar.edu.br
iesur@faar.edu.br
secretaria@unicentroro.edu.br
secretaria@unicentroro.edu.br
srm@uniron.edu.br
srm@uniron.edu.br



serca@farol.edu.br
serca@farol.edu.br
atendimento@faculdademetropolitana.edu.br


adriancury@unescnet.br
adriancury@unescnet.br
unesc@unescnet.br
unesc@unescnet.br


fcr@fcr.edu.br; administracao@fcr.edu.br
fcr@fcr.edu.br; direito@fcr.edu.br
unifaema@unifaema.edu.br
unifaema@unifaema.edu.br




emec@sereducacional.com
vilhena@fimca.com.br
relacionamento@gruposapiens.com.br
relacionamento@gruposapiens.com.br
cadecon@ufrr.br; reitoria@ufrr.br; proeg@ufrr.br; coordcom@ufrr.br
reitoria@ufrr.br; proeg@ufrr.br; coordcom@ufrr.br
reitoria@ufrr.br; proeg@ufrr.br; coordcom@ufrr.br
dpcomunicacao@unigrande.edu.br; academico@UNIGRANDE.edu.br;






atendimento@faceten.edu.br; isef.faceten@gmail.com
ascom@uerr.edu.br; proeg@uerr.edu.br; propgp@uerr.edu.br; adm@uerr.edu.br
ascom@uerr.edu.br;  proeg@uerr.edu.br; propgp@uerr.edu.br; direito@uerr.edu.br;
ascom@uerr.edu.br; proeg@uerr.edu.br; propgp@uerr.edu.br
atendimento@cathedral.edu.br
atendimento@cathedral.edu.br
atendimento@cathedral.edu.br



imprensa@furg.br; coordenacao.adm.furg@gmail.com; carolina.roma@furg.br; iceac.academica@furg.br
direito.curso@furg.br
ccri@furg.br; hemerson.pase@gmail.com; tombrito@yahoo.com
atendimento@ucs.br
atendimento@ucs.br
douglasveit@unisinos.br; eadpoa@unisinos.br
eadpoa@unisinos.br
central@ucpel.edu.br; atendimento.ead@ucpel.edu.br; comunicacao@ucpel.edu.br; rafael.andretti@ucpel.edu.br
ana.lucas@ucpel.edu.br; central@ucpel.edu.br; atendimento.ead@ucpel.edu.br; comunicacao@ucpel.edu.br
informacoes@upf.br;
direito@upf.br; ecj@upf.br
reitoria@pucrs.br; rograd@pucrs.br; propesq@pucrs.br; ionara@pucrs.br
reitoria@pucrs.br; rograd@pucrs.br; propesq@pucrs.br; elton.somensi@pucrs.br
reitoria@pucrs.br; rograd@pucrs.br; propesq@pucrs.br; teresa.marques@pucrs.br
chs@feevale.br; administracao@feevale.br
direito@feevale.br
diretor.administracao@uniube.br


faculdade@setrem.com.br; atendimento@setrem.com.br; comunicacao@setrem.com.br; alexandrechapoval@setrem.com.br
faculdade@setrem.com.br; atendimento@setrem.com.br; comunicacao@setrem.com.br; direito@setrem.com.br
giana@unisc.br; reitoria@unisc.br
giana@unisc.br; reitoria@unisc.br
giana@unisc.br; reitoria@unisc.br
reitor@urcamp.edu.br; elisdias@urcamp.edu.br; urcamp@urcamp.edu.br
reitor@urcamp.edu.br; elisdias@urcamp.edu.br; urcamp@urcamp.edu.br

gabinete@reitoria.uri.br; proen@reitoria.uri.br; propepg@reitoria.uri.br
gabinete@reitoria.uri.br; proen@reitoria.uri.br; propepg@reitoria.uri.br
central@ufn.edu.br; adm@ufn.edu.br
central@ufn.edu.br; direito@ufn.edu.br
administracao@unicruz.edu.br
direito@unicruz.edu.br
cac@uniritter.edu.br
cac@uniritter.edu.br
reitor@ulbra.br; ulbra@ulbra.br
fundasul@fundasul.br; secretaria@fundasul.br; reitoria@fundasul.br
atendimento@unijui.edu.br; reitoria@unijui.edu.br
atendimento@unijui.edu.br; reitoria@unijui.edu.br
atendimento@unijui.edu.br; reitoria@unijui.edu.br
direcaodir20-24@ufrgs.br; vicedirecaodir20-24@ufrgs.br; comgrad@ea.ufrgs.br
ea_comgrad@ufrgs.br
comgradpolpub@ufrgs.br
comgrad_rel@ufrgs.br
graduacao74c.ccsh@ufsm.br
coord.csociais.bacharelado@ufsm.br; graduacao74a.ccsh@ufsm.br
graduacao74b.ccsh@ufsm.br
graduacao74c.ccsh@ufsm.br

comunicacao@ifrs.edu.br; gabinete@ifrs.edu.br;










































































































































reitoria@furb.br
reitoria@furb.br
unidavi@unidavi.edu.br
unidavi@unidavi.edu.br
reitoria@univille.br
reitoria@univille.br
reitoria@univille.br
reitor@unoesc.edu.br;reitoria@unoesc.edu.br
reitor@unoesc.edu.br;reitoria@unoesc.edu.br
reitor@unoesc.edu.br;reitoria@unoesc.edu.br
reitoria.secretaria@univali.br
reitoria.secretaria@univali.br
reitoria.secretaria@univali.br
reitoria@unifebe.edu.br
reitoria@unifebe.edu.br

reitoria@unc.br
reitoria@unc.br

reccursos@unesc.net
reccursos@unesc.net
reccursos@unesc.net
regulatorio@animaeducacao.com.br
regulatorio@animaeducacao.com.br
regulatorio@animaeducacao.com.br
gr@contato.ufsc.br
gr@contato.ufsc.br
gr@contato.ufsc.br
reitoria@catolicasc.org.br
reitoria@catolicasc.org.br

paulo.aires@ielusc.br, juliana.turmina@ielusc.br
paulo.aires@ielusc.br, juliana.turmina@ielusc.br
pesqinst@uniplaclages.edu.br
pesqinst@uniplaclages.edu.br
pigeral@unip.br;pigeral2020@gmail.com
pigeral@unip.br;pigeral2020@gmail.com

regulatorio@animaeducacao.com.br
regulatorio@animaeducacao.com.br
direcao@cesusc.edu.br; vladimir.bernardi@cesusc.edu.br
direcao@cesusc.edu.br; vladimir.bernardi@cesusc.edu.br
direcao@cesusc.edu.br; vladimir.bernardi@cesusc.edu.br
normas@unicesumar.edu.br;fabiana.nsilva@vitru.com.br
normas@unicesumar.edu.br;fabiana.nsilva@vitru.com.br
cnecifes@cnec.br;ceduc.es@cnec.br
cnecifes@cnec.br;ceduc.es@cnec.br
cgfessc@gmail.com;regulatorio.nacional@estacio.br;marcia.aparecida@yduqs.com.br
0137.simonevenancio@cnec.br; 0137.direcao@cnec.br
0137.simonevenancio@cnec.br; 0137.direcao@cnec.br

regulatorio@animaeducacao.com.br
regulatorio@animaeducacao.com.br
regulatorio@animaeducacao.com.br
esucri@esucri.com.br;ckto.associados@gmail.com; andreia@esucri.com.br
esucri@esucri.com.br;ckto.associados@gmail.com; andreia@esucri.com.br
reitoria.itapiranga@uceff.edu.br; ndi.itapiranga@uceff.edu.br; natischneiders@hotmail.com
reitoria.itapiranga@uceff.edu.br; ndi.itapiranga@uceff.edu.br; natischneiders@hotmail.com
normas@unicesumar.edu.br;fabiana.nsilva@vitru.com.br
normas@unicesumar.edu.br;fabiana.nsilva@vitru.com.br
regulacao.pi@unoesc.edu.br
regulacao.pi@unoesc.edu.br

fucap@fucap.edu.br; expeditomichels@hotmail.com; emillie@fucap.edu.br; anamatias@fucap.edu.br
fucap@fucap.edu.br; expeditomichels@hotmail.com; emillie@fucap.edu.br; anamatias@fucap.edu.br
luciamateus@sinergia.edu.br
luciamateus@sinergia.edu.br
reitoria@uniavan.edu.br
reitoria@uniavan.edu.br

normas@unicesumar.edu.br;fabiana.nsilva@vitru.com.br
normas@unicesumar.edu.br;fabiana.nsilva@vitru.com.br


inesa@santoantonio.edu.br
inesa@santoantonio.edu.br

normas@unicesumar.edu.br;fabiana.nsilva@vitru.com.br
normas@unicesumar.edu.br;fabiana.nsilva@vitru.com.br
reitoria@unochapeco.edu.br
reitoria@unochapeco.edu.br

rene@facc.com.br
rene@facc.com.br
reitoria@unochapeco.edu.br
reitoria@unochapeco.edu.br
reitoria@unochapeco.edu.br
cgfassesc@gmail.com;regulatorio.nacional@estacio.br;marcia.aparecida@yduqs.com.br
cgfassesc@gmail.com;regulatorio.nacional@estacio.br;marcia.aparecida@yduqs.com.br
regulatorio@animaeducacao.com.br
regulatorio@animaeducacao.com.br
secretaria@horus.edu.br
secretaria@horus.edu.br

regulatorio@animaeducacao.com.br
regulatorio@animaeducacao.com.br
proreitoracademico@unifacvest.edu.br



rosani@unibave.net, valente@unibave.net
rosani@unibave.net, valente@unibave.net
ddi@kroton.com.br;katia.parreiras@kroton.com.br
ddi@kroton.com.br;katia.parreiras@kroton.com.br



guilherme.netto@fgg.edu.br;deborah.jocham@fgg.edu.br;deborahjocham@gmail.com;andre.rieper@fgg.edu.br
ddi@kroton.com.br;katia.parreiras@kroton.com.br
ddi@kroton.com.br;katia.parreiras@kroton.com.br

jefersonferreira660@yahoo.com.br
jefersonferreira660@yahoo.com.br
jefersonferreira660@yahoo.com.br

lucia.andrade@unigranrio.edu.br
lucia.andrade@unigranrio.edu.br
presidente@uniarp.edu.br;mayne@uniarp.edu.br
presidente@uniarp.edu.br;mayne@uniarp.edu.br
normas@unicesumar.edu.br;fabiana.nsilva@vitru.com.br

reitoria@catolicasc.org.br
reitoria@catolicasc.org.br

claudettegalati@sebsa.com.br
claudettegalati@sebsa.com.br

eccbortolon@terra.com.br
eccbortolon@terra.com.br
normas@unicesumar.edu.br;fabiana.nsilva@vitru.com.br

normas@unicesumar.edu.br;fabiana.nsilva@vitru.com.br
normas@unicesumar.edu.br;fabiana.nsilva@vitru.com.br
normas@unicesumar.edu.br;fabiana.nsilva@vitru.com.br
reitoria@uniavan.edu.br
ddi@kroton.com.br; thales.pimentel@kroton.com.br
ddi@kroton.com.br; thales.pimentel@kroton.com.br
regulatorio@animaeducacao.com.br
regulatorio@animaeducacao.com.br

regulatorio@animaeducacao.com.br





























degep@ufop.edu.br; coladmpub.cead@ufop.edu.br


caa@puc-campinas.edu.br
caa@puc-campinas.edu.br
caa@puc-campinas.edu.br
ccsa.administracao.alpha@mackenzie.br
fdir.direito.alpha@mackenzie.br






fechado temporariamente
fechado temporariamente
fechado temporariamente
fechado temporariamente

js.saraiva.advogado@hotmail.com; rosangelamourao.fdf@gmail.com; rafaelpustrelo@hotmail.com
cyro@facef.br
administracao.eep@fumep.edu.br
funepe@funepe.edu.br
funepe@funepe.edu.br

coord.direito@fafica.br
admpublica@nead.ufsj.edu.br






adm@unisagrado.edu.br
ri@unisagrado.edu.br



































































































































































































































































































































































































































































































































































































































































































direito@ceulp.edu.br; secretaria@ceulp.edu.br; recepdireito@ceulp.edu.br
administracao@unirg.edu.br;         reitoria@unirg.edu.br; presidencia@unirg.edu.br
cdireito@unirg.edu.br;
prograd@unitins.br; dir.ensino@unitins.br; diradmacad@unitins.br
prograd@unitins.br; dir.ensino@unitins.br; diradmacad@unitins.br

msd@uniesp.edu.br



leonardo.bandeira@p.catolica-to.edu.br; faleconosco@catolica-to.edu.br
direito@catolica-to.edu.br; direito@catolica-to.edu.br; faleconosco@catolica-to.edu.br
direcao@unest.edu.br;direito@unest.edu.br
comunicacao@catolicaorione.edu.br; coordenacaoadministracao@catolicaorione.edu.br
comunicacao@catolicaorione.edu.br; coordenacaodireito@catolicaorione.edu.br
jms.pxt@hyperion.net.br;dir.geral@fasec.edu.br
jms.pxt@hyperion.net.br;dir.geral@fasec.edu.br
suporte@iescfag.edu.br
reitoria@uft.edu.br; admpalmas@uft.edu.br
reitoria@uft.edu.br; admpalmas@uft.edu.br
reitoria@uft.edu.br; direitopalmas@uft.edu.br
reitoria@uft.edu.br; brintport@uft.edu.br
reitoria@ifto.edu.br; paraiso@ifto.edu.br
"centraldoaluno@unitpac.edu.br; direito@unitpac.edu.br; bianca.gomes@unitpac.edu.br
"
contato@faculdadeitop.edu.br
dir.geral@faculdadefacit.edu.br; diretoriageral@faculdadefacit.edu.br
coord-direito@faculdadefacit.edu.br
diretor@fabic.edu.br
contato@faculdaderiosono.com.br; tiagoalpha@hotmail.com


pesquisador@ceuma.br; diretoria@cesup.edu.br; ntae@ceuma.br
